filename,width,height,class,xmin,ymin,xmax,ymax
frame_1532300508.4565086.png,794,560,station,385,306,430,349
frame_1532300508.4565086.png,794,560,station,295,129,347,178
frame_1532300508.4565086.png,794,560,station,596,89,651,137
frame_1532300508.4565086.png,794,560,station,596,306,646,350
frame_1532300511.553367.png,794,560,station,40,305,84,349
frame_1532300511.553367.png,794,560,station,382,306,429,350
frame_1532300511.553367.png,794,560,station,294,131,344,178
frame_1532300511.553367.png,794,560,station,595,88,645,136
frame_1532300511.553367.png,794,560,station,598,306,641,348
frame_1532300521.5565789.png,794,560,station,39,304,85,347
frame_1532300521.5565789.png,794,560,station,377,304,425,348
frame_1532300521.5565789.png,794,560,station,291,132,344,179
frame_1532300521.5565789.png,794,560,station,590,94,639,138
frame_1532300521.5565789.png,794,560,station,591,302,637,347
frame_1532377784.6255155.png,794,560,station,96,46,132,80
frame_1532377784.6255155.png,794,560,station,193,143,227,175
frame_1532377784.6255155.png,794,560,station,267,94,297,122
frame_1532377784.6255155.png,794,560,station,337,145,368,170
frame_1532377784.6255155.png,794,560,station,239,211,276,247
frame_1532377784.6255155.png,794,560,station,353,230,399,271
frame_1532377784.6255155.png,794,560,station,524,260,566,296
frame_1532377784.6255155.png,794,560,station,624,285,655,314
frame_1532377784.6255155.png,794,560,station,671,211,706,249
frame_1532377784.6255155.png,794,560,station,457,189,489,223
frame_1532377784.6255155.png,794,560,station,528,143,564,174
frame_1532377784.6255155.png,794,560,station,625,144,654,172
frame_1532377784.6255155.png,794,560,station,125,336,154,363
frame_1532377784.6255155.png,794,560,station,100,432,131,457
frame_1532377784.6255155.png,794,560,station,220,408,249,435
frame_1532377784.6255155.png,794,560,station,316,383,342,411
frame_1532377784.6255155.png,794,560,station,386,335,417,366
frame_1532377784.6255155.png,794,560,station,506,383,533,410
frame_1532377784.6255155.png,794,560,station,672,428,702,460
frame_1532377784.6255155.png,794,560,station,432,72,464,102
frame_1532377784.6255155.png,794,560,station,551,22,585,55
frame_1532377893.965453.png,794,560,station,45,90,71,114
frame_1532377893.965453.png,794,560,station,156,157,181,180
frame_1532377893.965453.png,794,560,station,157,69,180,92
frame_1532377893.965453.png,794,560,station,244,156,268,180
frame_1532377893.965453.png,794,560,station,310,111,335,138
frame_1532377893.965453.png,794,560,station,462,92,488,114
frame_1532377893.965453.png,794,560,station,571,46,599,72
frame_1532377893.965453.png,794,560,station,289,223,313,247
frame_1532377893.965453.png,794,560,station,376,158,398,180
frame_1532377893.965453.png,794,560,station,476,194,514,226
frame_1532377893.965453.png,794,560,station,550,157,577,182
frame_1532377893.965453.png,794,560,station,638,157,663,180
frame_1532377893.965453.png,794,560,station,682,223,706,247
frame_1532377893.965453.png,794,560,station,548,264,578,291
frame_1532377893.965453.png,794,560,station,640,288,662,313
frame_1532377893.965453.png,794,560,station,179,244,204,268
frame_1532377893.965453.png,794,560,station,46,375,71,399
frame_1532377893.965453.png,794,560,station,177,330,205,355
frame_1532377893.965453.png,794,560,station,154,419,183,443
frame_1532377893.965453.png,794,560,station,268,397,290,423
frame_1532377893.965453.png,794,560,station,352,376,378,402
frame_1532377893.965453.png,794,560,station,419,332,443,355
frame_1532377893.965453.png,794,560,station,396,241,423,268
frame_1532377893.965453.png,794,560,station,522,369,560,403
frame_1532377893.965453.png,794,560,station,438,438,469,468
frame_1532377893.965453.png,794,560,station,680,416,708,444
frame_1532377961.2665606.png,794,560,station,70,97,99,122
frame_1532377961.2665606.png,794,560,station,682,413,711,438
frame_1532377961.2665606.png,794,560,station,409,244,438,269
frame_1532377961.2665606.png,794,560,station,429,328,458,353
frame_1532377961.2665606.png,794,560,station,196,329,225,354
frame_1532377961.2665606.png,794,560,station,556,160,585,185
frame_1532377961.2665606.png,794,560,station,493,201,522,226
frame_1532377961.2665606.png,794,560,station,176,416,205,438
frame_1532377961.2665606.png,794,560,station,704,76,733,98
frame_1532377961.2665606.png,794,560,station,682,225,711,247
frame_1532377961.2665606.png,794,560,station,641,161,670,183
frame_1532377961.2665606.png,794,560,station,323,120,352,142
frame_1532377961.2665606.png,794,560,station,71,372,100,394
frame_1532377961.2665606.png,794,560,station,176,77,205,99
frame_1532377961.2665606.png,794,560,station,302,225,331,247
frame_1532377961.2665606.png,794,560,station,535,373,564,395
frame_1532377961.2665606.png,794,560,station,452,436,481,458
frame_1532377961.2665606.png,794,560,station,367,373,396,395
frame_1532377961.2665606.png,794,560,station,282,394,311,416
frame_1532377961.2665606.png,794,560,station,642,289,671,311
frame_1532377961.2665606.png,794,560,station,387,162,416,184
frame_1532377961.2665606.png,794,560,station,559,266,583,290
frame_1532377961.2665606.png,794,560,station,200,244,224,268
frame_1532377961.2665606.png,794,560,station,263,161,287,185
frame_1532377961.2665606.png,794,560,station,177,160,203,187
frame_1532377961.2665606.png,794,560,station,474,99,498,122
frame_1532377961.2665606.png,794,560,station,578,54,605,81
frame_1532378102.7017558.png,794,560,station,463,294,514,341
frame_1532378102.7017558.png,794,560,station,337,169,381,211
frame_1532378102.7017558.png,794,560,station,598,82,640,125
frame_1532378102.7017558.png,794,560,station,599,384,641,427
frame_1532378218.6419358.png,794,560,station,141,118,180,151
frame_1532378218.6419358.png,794,560,station,79,213,113,246
frame_1532378218.6419358.png,794,560,station,647,276,681,309
frame_1532378218.6419358.png,794,560,station,491,337,525,370
frame_1532378218.6419358.png,794,560,station,110,370,144,403
frame_1532378218.6419358.png,794,560,station,490,118,524,151
frame_1532378218.6419358.png,794,560,station,329,400,368,433
frame_1532378218.6419358.png,794,560,station,393,275,432,308
frame_1532378218.6419358.png,794,560,station,299,182,332,213
frame_1532378218.6419358.png,794,560,station,268,275,304,309
frame_1532378311.114146.png,794,560,station,46,400,75,428
frame_1532378311.114146.png,794,560,station,632,345,661,373
frame_1532378311.114146.png,794,560,station,445,319,474,347
frame_1532378311.114146.png,794,560,station,605,80,634,108
frame_1532378311.114146.png,794,560,station,446,133,475,161
frame_1532378311.114146.png,794,560,station,521,184,558,221
frame_1532378311.114146.png,794,560,station,578,268,607,296
frame_1532378311.114146.png,794,560,station,98,213,127,241
frame_1532378311.114146.png,794,560,station,126,347,155,375
frame_1532378311.114146.png,794,560,station,147,131,184,163
frame_1532378311.114146.png,794,560,station,307,370,344,402
frame_1532378311.114146.png,794,560,station,360,263,397,295
frame_1532378311.114146.png,794,560,station,362,103,399,135
frame_1532378311.114146.png,794,560,station,255,24,292,56
frame_1532378311.114146.png,794,560,station,286,188,313,214
frame_1532378311.114146.png,794,560,station,179,241,206,267
frame_1532378311.114146.png,794,560,station,258,267,288,296
frame_1532378520.3712668.png,794,560,station,195,178,236,219
frame_1532378520.3712668.png,794,560,station,38,374,79,415
frame_1532378520.3712668.png,794,560,station,277,59,318,100
frame_1532378520.3712668.png,794,560,station,36,174,81,217
frame_1532378520.3712668.png,794,560,station,195,373,240,416
frame_1532378520.3712668.png,794,560,station,356,180,397,218
frame_1532378582.3927307.png,794,560,station,40,372,74,408
frame_1532378582.3927307.png,794,560,station,480,437,514,473
frame_1532378582.3927307.png,794,560,station,176,202,210,238
frame_1532378582.3927307.png,794,560,station,242,99,278,137
frame_1532378582.3927307.png,794,560,station,107,99,141,135
frame_1532378582.3927307.png,794,560,station,311,205,346,236
frame_1532378582.3927307.png,794,560,station,36,203,74,237
frame_1532378582.3927307.png,794,560,station,581,337,619,371
frame_1532378582.3927307.png,794,560,station,173,371,211,405
frame_1532378644.379044.png,794,560,station,154,40,194,77
frame_1532378644.379044.png,794,560,station,35,364,75,401
frame_1532378644.379044.png,794,560,station,419,426,459,463
frame_1532378644.379044.png,794,560,station,597,216,637,253
frame_1532378644.379044.png,794,560,station,567,100,607,137
frame_1532378644.379044.png,794,560,station,213,128,253,165
frame_1532378644.379044.png,794,560,station,93,129,133,166
frame_1532378644.379044.png,794,560,station,153,217,193,254
frame_1532378644.379044.png,794,560,station,30,217,78,257
frame_1532378644.379044.png,794,560,station,504,331,552,371
frame_1532378644.379044.png,794,560,station,149,363,197,403
frame_1532378644.379044.png,794,560,station,272,216,313,258
frame_1532378644.379044.png,794,560,station,365,103,398,136
frame_1532378675.423019.png,794,560,station,148,60,183,93
frame_1532378675.423019.png,794,560,station,398,420,433,453
frame_1532378675.423019.png,794,560,station,35,365,70,398
frame_1532378675.423019.png,794,560,station,563,225,598,258
frame_1532378675.423019.png,794,560,station,536,116,571,149
frame_1532378675.423019.png,794,560,station,203,143,238,176
frame_1532378675.423019.png,794,560,station,147,226,182,259
frame_1532378675.423019.png,794,560,station,92,142,127,175
frame_1532378675.423019.png,794,560,station,35,228,71,258
frame_1532378675.423019.png,794,560,station,619,339,655,369
frame_1532378675.423019.png,794,560,station,676,200,712,230
frame_1532378675.423019.png,794,560,station,480,338,516,368
frame_1532378675.423019.png,794,560,station,146,366,182,396
frame_1532378675.423019.png,794,560,station,261,227,293,259
frame_1532378675.423019.png,794,560,station,344,116,377,148
frame_1532378768.4186447.png,794,560,station,134,99,163,127
frame_1532378768.4186447.png,794,560,station,640,436,669,464
frame_1532378768.4186447.png,794,560,station,37,363,66,391
frame_1532378768.4186447.png,794,560,station,352,412,381,440
frame_1532378768.4186447.png,794,560,station,279,364,308,392
frame_1532378768.4186447.png,794,560,station,472,147,501,175
frame_1532378768.4186447.png,794,560,station,495,243,524,271
frame_1532378768.4186447.png,794,560,station,133,243,162,271
frame_1532378768.4186447.png,794,560,station,85,170,114,198
frame_1532378768.4186447.png,794,560,station,182,170,211,198
frame_1532378768.4186447.png,794,560,station,36,242,68,272
frame_1532378768.4186447.png,794,560,station,590,218,622,248
frame_1532378768.4186447.png,794,560,station,542,339,574,369
frame_1532378768.4186447.png,794,560,station,423,341,455,371
frame_1532378768.4186447.png,794,560,station,229,98,261,128
frame_1532378768.4186447.png,794,560,station,133,363,165,393
frame_1532378768.4186447.png,794,560,station,349,24,382,55
frame_1532378768.4186447.png,794,560,station,232,243,260,272
frame_1532378768.4186447.png,794,560,station,545,99,572,125
frame_1532378768.4186447.png,794,560,station,36,99,67,127
frame_1532378768.4186447.png,794,560,station,303,143,332,177
frame_1532378923.4167376.png,794,560,station,38,360,65,386
frame_1532378923.4167376.png,794,560,station,675,422,702,448
frame_1532378923.4167376.png,794,560,station,551,421,578,447
frame_1532378923.4167376.png,794,560,station,653,278,680,304
frame_1532378923.4167376.png,794,560,station,428,257,455,283
frame_1532378923.4167376.png,794,560,station,408,176,435,202
frame_1532378923.4167376.png,794,560,station,612,176,639,202
frame_1532378923.4167376.png,794,560,station,572,113,599,139
frame_1532378923.4167376.png,794,560,station,552,32,579,58
frame_1532378923.4167376.png,794,560,station,408,52,435,78
frame_1532378923.4167376.png,794,560,station,182,443,209,469
frame_1532378923.4167376.png,794,560,station,304,401,331,427
frame_1532378923.4167376.png,794,560,station,243,360,270,386
frame_1532378923.4167376.png,794,560,station,160,198,187,224
frame_1532378923.4167376.png,794,560,station,120,135,147,161
frame_1532378923.4167376.png,794,560,station,79,195,106,221
frame_1532378923.4167376.png,794,560,station,119,258,146,284
frame_1532378923.4167376.png,794,560,station,18,443,45,467
frame_1532378923.4167376.png,794,560,station,198,254,233,286
frame_1532378923.4167376.png,794,560,station,469,134,496,158
frame_1532378923.4167376.png,794,560,station,345,158,372,182
frame_1532378923.4167376.png,794,560,station,119,358,150,386
frame_1532378923.4167376.png,794,560,station,507,237,538,265
frame_1532378923.4167376.png,794,560,station,468,339,499,367
frame_1532378923.4167376.png,794,560,station,364,340,395,368
frame_1532378923.4167376.png,794,560,station,200,131,231,159
frame_1532378923.4167376.png,794,560,station,35,133,66,161
frame_1532378923.4167376.png,794,560,station,36,257,67,285
frame_1532378923.4167376.png,794,560,station,264,175,288,198
frame_1532378923.4167376.png,794,560,station,304,71,333,101
frame_1532378923.4167376.png,794,560,station,616,338,641,364
frame_1532378954.4049053.png,794,560,station,38,361,64,385
frame_1532378954.4049053.png,794,560,station,539,38,565,62
frame_1532378954.4049053.png,794,560,station,639,281,665,305
frame_1532378954.4049053.png,794,560,station,600,179,626,203
frame_1532378954.4049053.png,794,560,station,560,119,586,143
frame_1532378954.4049053.png,794,560,station,398,179,424,203
frame_1532378954.4049053.png,794,560,station,659,420,685,444
frame_1532378954.4049053.png,794,560,station,540,421,566,445
frame_1532378954.4049053.png,794,560,station,401,59,427,83
frame_1532378954.4049053.png,794,560,station,420,259,446,283
frame_1532378954.4049053.png,794,560,station,299,400,325,424
frame_1532378954.4049053.png,794,560,station,178,441,204,465
frame_1532378954.4049053.png,794,560,station,239,361,265,385
frame_1532378954.4049053.png,794,560,station,157,199,183,223
frame_1532378954.4049053.png,794,560,station,117,140,143,164
frame_1532378954.4049053.png,794,560,station,77,200,103,224
frame_1532378954.4049053.png,794,560,station,118,259,144,283
frame_1532378954.4049053.png,794,560,station,38,258,65,283
frame_1532378954.4049053.png,794,560,station,459,341,486,366
frame_1532378954.4049053.png,794,560,station,399,420,426,445
frame_1532378954.4049053.png,794,560,station,358,339,385,364
frame_1532378954.4049053.png,794,560,station,117,361,144,386
frame_1532378954.4049053.png,794,560,station,198,138,225,163
frame_1532378954.4049053.png,794,560,station,38,139,65,164
frame_1532378954.4049053.png,794,560,station,500,241,527,266
frame_1532378954.4049053.png,794,560,station,341,157,363,183
frame_1532378954.4049053.png,794,560,station,20,439,42,465
frame_1532378954.4049053.png,794,560,station,461,138,483,164
frame_1532378954.4049053.png,794,560,station,194,254,229,288
frame_1532378954.4049053.png,794,560,station,297,75,329,106
frame_1532378954.4049053.png,794,560,station,258,179,285,204
frame_1532378954.4049053.png,794,560,station,600,340,629,366
frame_1532464725.020324.png,794,560,station,69,218,149,291
frame_1532464725.020324.png,794,560,station,255,232,312,290
frame_1532464725.020324.png,794,560,station,518,324,575,373
frame_1532464755.3041894.png,794,560,station,38,74,94,125
frame_1532464755.3041894.png,794,560,station,78,240,134,291
frame_1532464755.3041894.png,794,560,station,203,74,259,125
frame_1532464755.3041894.png,794,560,station,251,244,296,288
frame_1532464755.3041894.png,794,560,station,500,325,545,370
frame_1532464786.2826564.png,794,560,station,375,442,417,481
frame_1532464786.2826564.png,794,560,station,595,444,637,483
frame_1532464786.2826564.png,794,560,station,558,260,600,299
frame_1532464786.2826564.png,794,560,station,448,334,490,373
frame_1532464786.2826564.png,794,560,station,41,109,91,153
frame_1532464786.2826564.png,794,560,station,77,255,127,299
frame_1532464786.2826564.png,794,560,station,187,111,237,155
frame_1532464786.2826564.png,794,560,station,229,260,268,299
frame_1532465261.0142896.png,778,544,station,201,112,253,162
frame_1532465261.0142896.png,778,544,station,73,322,125,372
frame_1532465261.0142896.png,778,544,station,291,327,335,370
frame_1532465261.0142896.png,778,544,station,420,117,464,159
frame_1532465291.5969162.png,778,544,station,74,36,117,77
frame_1532465291.5969162.png,778,544,station,285,327,328,368
frame_1532465291.5969162.png,778,544,station,197,115,248,164
frame_1532465291.5969162.png,778,544,station,74,324,122,368
frame_1532465291.5969162.png,778,544,station,409,116,456,164
frame_1532465415.5470483.png,778,544,station,441,387,478,422
frame_1532465415.5470483.png,778,544,station,595,200,632,235
frame_1532465415.5470483.png,778,544,station,158,387,195,422
frame_1532465415.5470483.png,778,544,station,222,295,259,330
frame_1532465415.5470483.png,778,544,station,471,47,508,82
frame_1532465415.5470483.png,778,544,station,65,80,101,113
frame_1532465415.5470483.png,778,544,station,159,142,197,178
frame_1532465415.5470483.png,778,544,station,344,264,382,300
frame_1532465415.5470483.png,778,544,station,64,295,102,331
frame_1532465415.5470483.png,778,544,station,316,142,350,176
frame_1532465415.5470483.png,778,544,station,499,259,542,306
frame_1534663174.5075488.png,794,560,station,193,64,238,108
frame_1534663174.5075488.png,794,560,station,321,236,372,281
frame_1534663174.5075488.png,794,560,station,500,283,544,327
frame_1534663174.5075488.png,794,560,station,630,66,675,109
frame_1534663267.5040438.png,794,560,station,61,124,93,155
frame_1534663267.5040438.png,794,560,station,320,416,352,447
frame_1534663267.5040438.png,794,560,station,612,351,644,382
frame_1534663267.5040438.png,794,560,station,419,318,451,349
frame_1534663267.5040438.png,794,560,station,515,156,547,187
frame_1534663267.5040438.png,794,560,station,91,283,129,320
frame_1534663267.5040438.png,794,560,station,512,413,550,450
frame_1534663267.5040438.png,794,560,station,285,282,323,319
frame_1534663267.5040438.png,794,560,station,189,153,225,189
frame_1534663267.5040438.png,794,560,station,643,119,679,159
frame_1534663298.5388365.png,794,560,station,68,143,100,174
frame_1534663298.5388365.png,794,560,station,311,415,343,446
frame_1534663298.5388365.png,794,560,station,582,355,614,386
frame_1534663298.5388365.png,794,560,station,400,324,432,355
frame_1534663298.5388365.png,794,560,station,492,174,524,205
frame_1534663298.5388365.png,794,560,station,491,51,523,82
frame_1534663298.5388365.png,794,560,station,68,445,100,476
frame_1534663298.5388365.png,794,560,station,189,173,222,203
frame_1534663298.5388365.png,794,560,station,671,264,704,294
frame_1534663298.5388365.png,794,560,station,612,143,646,175
frame_1534663298.5388365.png,794,560,station,277,294,316,328
frame_1534663298.5388365.png,794,560,station,97,293,134,328
frame_1534663298.5388365.png,794,560,station,489,412,526,447
frame_1534663329.4981768.png,794,560,station,564,355,595,389
frame_1534663329.4981768.png,794,560,station,592,154,623,188
frame_1534663329.4981768.png,794,560,station,477,181,508,215
frame_1534663329.4981768.png,794,560,station,477,66,508,100
frame_1534663329.4981768.png,794,560,station,305,412,336,446
frame_1534663329.4981768.png,794,560,station,390,327,421,361
frame_1534663329.4981768.png,794,560,station,73,443,104,477
frame_1534663329.4981768.png,794,560,station,73,152,104,186
frame_1534663329.4981768.png,794,560,station,160,37,191,71
frame_1534663329.4981768.png,794,560,station,188,184,219,214
frame_1534663329.4981768.png,794,560,station,652,269,683,299
frame_1534663329.4981768.png,794,560,station,99,297,136,331
frame_1534663329.4981768.png,794,560,station,476,412,513,446
frame_1534663329.4981768.png,794,560,station,271,297,308,331
frame_1534663391.5205824.png,794,560,station,162,77,192,108
frame_1534663391.5205824.png,794,560,station,525,360,555,391
frame_1534663391.5205824.png,794,560,station,83,439,113,470
frame_1534663391.5205824.png,794,560,station,368,336,398,367
frame_1534663391.5205824.png,794,560,station,290,413,320,444
frame_1534663391.5205824.png,794,560,station,82,180,112,211
frame_1534663391.5205824.png,794,560,station,445,205,475,236
frame_1534663391.5205824.png,794,560,station,446,101,476,132
frame_1534663391.5205824.png,794,560,station,526,49,556,80
frame_1534663391.5205824.png,794,560,station,31,101,62,134
frame_1534663391.5205824.png,794,560,station,601,437,632,470
frame_1534663391.5205824.png,794,560,station,449,410,480,443
frame_1534663391.5205824.png,794,560,station,264,308,295,341
frame_1534663391.5205824.png,794,560,station,109,306,140,339
frame_1534663391.5205824.png,794,560,station,188,207,218,236
frame_1534663391.5205824.png,794,560,station,602,284,632,313
frame_1534663391.5205824.png,794,560,station,550,180,580,209
frame_1534663484.5000534.png,794,560,station,94,438,119,464
frame_1534663484.5000534.png,794,560,station,489,368,514,394
frame_1534663484.5000534.png,794,560,station,652,367,677,393
frame_1534663484.5000534.png,794,560,station,280,414,305,440
frame_1534663484.5000534.png,794,560,station,652,134,677,160
frame_1534663484.5000534.png,794,560,station,559,135,584,161
frame_1534663484.5000534.png,794,560,station,490,89,515,115
frame_1534663484.5000534.png,794,560,station,419,135,444,161
frame_1534663484.5000534.png,794,560,station,420,228,445,254
frame_1534663484.5000534.png,794,560,station,349,345,374,371
frame_1534663484.5000534.png,794,560,station,94,205,119,231
frame_1534663484.5000534.png,794,560,station,164,113,189,139
frame_1534663484.5000534.png,794,560,station,45,134,74,161
frame_1534663484.5000534.png,794,560,station,418,413,447,440
frame_1534663484.5000534.png,794,560,station,557,437,586,464
frame_1534663484.5000534.png,794,560,station,255,320,284,347
frame_1534663484.5000534.png,794,560,station,116,321,145,348
frame_1534663484.5000534.png,794,560,station,21,321,50,348
frame_1534663484.5000534.png,794,560,station,186,226,213,255
frame_1534663484.5000534.png,794,560,station,557,296,584,325
frame_1534663484.5000534.png,794,560,station,349,203,376,232
frame_1534663484.5000534.png,794,560,station,511,203,538,232
frame_1534663546.5373397.png,794,560,station,99,90,125,114
frame_1534663546.5373397.png,794,560,station,616,370,642,394
frame_1534663546.5373397.png,794,560,station,467,371,493,395
frame_1534663546.5373397.png,794,560,station,272,414,298,438
frame_1534663546.5373397.png,794,560,station,336,350,362,374
frame_1534663546.5373397.png,794,560,station,619,155,645,179
frame_1534663546.5373397.png,794,560,station,529,155,555,179
frame_1534663546.5373397.png,794,560,station,681,91,707,115
frame_1534663546.5373397.png,794,560,station,466,112,492,136
frame_1534663546.5373397.png,794,560,station,401,155,427,179
frame_1534663546.5373397.png,794,560,station,97,220,123,244
frame_1534663546.5373397.png,794,560,station,99,435,125,459
frame_1534663546.5373397.png,794,560,station,164,134,190,158
frame_1534663546.5373397.png,794,560,station,247,23,278,50
frame_1534663546.5373397.png,794,560,station,527,434,558,461
frame_1534663546.5373397.png,794,560,station,398,413,429,440
frame_1534663546.5373397.png,794,560,station,247,326,278,353
frame_1534663546.5373397.png,794,560,station,116,327,147,354
frame_1534663546.5373397.png,794,560,station,32,327,63,354
frame_1534663546.5373397.png,794,560,station,55,154,86,181
frame_1534663546.5373397.png,794,560,station,185,241,212,267
frame_1534663546.5373397.png,794,560,station,530,305,557,331
frame_1534663546.5373397.png,794,560,station,337,218,364,244
frame_1534663546.5373397.png,794,560,station,638,239,666,266
frame_1534663546.5373397.png,794,560,station,401,241,427,267
frame_1534663546.5373397.png,794,560,station,486,220,515,245
frame_1534663608.5032842.png,794,560,station,103,108,127,130
frame_1534663608.5032842.png,794,560,station,596,375,620,397
frame_1534663608.5032842.png,794,560,station,451,373,475,395
frame_1534663608.5032842.png,794,560,station,261,408,296,441
frame_1534663608.5032842.png,794,560,station,104,436,128,458
frame_1534663608.5032842.png,794,560,station,329,354,353,376
frame_1534663608.5032842.png,794,560,station,595,170,619,192
frame_1534663608.5032842.png,794,560,station,513,169,537,191
frame_1534663608.5032842.png,794,560,station,655,109,679,131
frame_1534663608.5032842.png,794,560,station,555,108,579,130
frame_1534663608.5032842.png,794,560,station,452,128,476,150
frame_1534663608.5032842.png,794,560,station,390,168,414,190
frame_1534663608.5032842.png,794,560,station,492,26,516,48
frame_1534663608.5032842.png,794,560,station,103,230,127,252
frame_1534663608.5032842.png,794,560,station,246,44,274,68
frame_1534663608.5032842.png,794,560,station,511,432,539,456
frame_1534663608.5032842.png,794,560,station,326,454,354,478
frame_1534663608.5032842.png,794,560,station,388,412,416,436
frame_1534663608.5032842.png,794,560,station,244,331,272,355
frame_1534663608.5032842.png,794,560,station,41,330,69,354
frame_1534663608.5032842.png,794,560,station,123,330,151,354
frame_1534663608.5032842.png,794,560,station,61,167,89,191
frame_1534663608.5032842.png,794,560,station,187,250,212,272
frame_1534663608.5032842.png,794,560,station,513,312,538,334
frame_1534663608.5032842.png,794,560,station,328,231,353,253
frame_1534663608.5032842.png,794,560,station,162,147,195,175
frame_1534663608.5032842.png,794,560,station,613,249,640,274
frame_1534663608.5032842.png,794,560,station,390,248,416,275
frame_1534663608.5032842.png,794,560,station,469,229,497,255
frame_1534665285.4773722.png,794,560,station,200,253,262,307
frame_1534665285.4773722.png,794,560,station,592,380,654,434
frame_1534665285.4773722.png,794,560,station,602,211,645,255
frame_1534665285.4773722.png,794,560,station,425,298,472,343
frame_1534665347.5060782.png,794,560,station,46,210,94,254
frame_1534665347.5060782.png,794,560,station,560,367,608,411
frame_1534665347.5060782.png,794,560,station,204,249,252,293
frame_1534665347.5060782.png,794,560,station,90,412,131,452
frame_1534665347.5060782.png,794,560,station,563,213,604,253
frame_1534665347.5060782.png,794,560,station,407,291,449,332
frame_1534665409.508797.png,794,560,station,137,72,172,111
frame_1534665409.508797.png,794,560,station,521,211,556,250
frame_1534665409.508797.png,794,560,station,557,71,592,110
frame_1534665409.508797.png,794,560,station,102,384,137,423
frame_1534665409.508797.png,794,560,station,64,212,105,249
frame_1534665409.508797.png,794,560,station,520,352,561,389
frame_1534665409.508797.png,794,560,station,204,247,245,284
frame_1534665409.508797.png,794,560,station,382,283,421,322
frame_1534665440.4801955.png,794,560,station,139,81,175,115
frame_1534665440.4801955.png,794,560,station,637,246,673,280
frame_1534665440.4801955.png,794,560,station,504,213,540,247
frame_1534665440.4801955.png,794,560,station,538,81,574,115
frame_1534665440.4801955.png,794,560,station,106,377,142,411
frame_1534665440.4801955.png,794,560,station,70,210,110,247
frame_1534665440.4801955.png,794,560,station,503,343,543,380
frame_1534665440.4801955.png,794,560,station,204,245,244,282
frame_1534665440.4801955.png,794,560,station,372,279,407,314
frame_1534665533.4780076.png,794,560,station,232,416,265,449
frame_1534665533.4780076.png,794,560,station,469,329,502,362
frame_1534665533.4780076.png,794,560,station,204,240,237,273
frame_1534665533.4780076.png,794,560,station,89,213,122,246
frame_1534665533.4780076.png,794,560,station,115,360,150,392
frame_1534665533.4780076.png,794,560,station,643,153,678,185
frame_1534665533.4780076.png,794,560,station,583,242,618,274
frame_1534665533.4780076.png,794,560,station,496,96,531,128
frame_1534665533.4780076.png,794,560,station,467,212,502,244
frame_1534665533.4780076.png,794,560,station,321,36,356,68
frame_1534665533.4780076.png,794,560,station,148,98,183,130
frame_1534665533.4780076.png,794,560,station,291,152,326,186
frame_1534665533.4780076.png,794,560,station,350,271,385,305
frame_1534665595.544202.png,794,560,station,49,109,76,138
frame_1534665595.544202.png,794,560,station,676,239,703,268
frame_1534665595.544202.png,794,560,station,624,317,651,346
frame_1534665595.544202.png,794,560,station,467,108,494,137
frame_1534665595.544202.png,794,560,station,597,161,624,190
frame_1534665595.544202.png,794,560,station,546,239,573,268
frame_1534665595.544202.png,794,560,station,127,342,154,371
frame_1534665595.544202.png,794,560,station,310,58,337,87
frame_1534665595.544202.png,794,560,station,153,108,180,137
frame_1534665595.544202.png,794,560,station,97,209,133,243
frame_1534665595.544202.png,794,560,station,673,104,709,138
frame_1534665595.544202.png,794,560,station,436,316,472,350
frame_1534665595.544202.png,794,560,station,226,393,262,427
frame_1534665595.544202.png,794,560,station,200,235,236,269
frame_1534665595.544202.png,794,560,station,282,161,315,190
frame_1534665595.544202.png,794,560,station,333,265,366,294
frame_1534665595.544202.png,794,560,station,439,212,471,242
frame_1535886310.95678.png,800,600,station,213,268,283,327
frame_1535886310.95678.png,800,600,station,499,86,558,143
frame_1535886310.95678.png,800,600,station,543,408,600,465
frame_1535886310.95678.png,800,600,station,401,268,462,334
frame_1535886372.2942147.png,800,600,station,377,423,424,469
frame_1535886372.2942147.png,800,600,station,531,385,578,431
frame_1535886372.2942147.png,800,600,station,493,116,540,162
frame_1535886372.2942147.png,800,600,station,339,154,386,200
frame_1535886372.2942147.png,800,600,station,337,152,384,198
frame_1535886372.2942147.png,800,600,station,604,188,663,243
frame_1535886372.2942147.png,800,600,station,138,420,197,475
frame_1535886372.2942147.png,800,600,station,256,264,315,319
frame_1535886372.2942147.png,800,600,station,410,264,472,321
frame_1535886403.2467468.png,800,600,station,282,56,329,110
frame_1535886403.2467468.png,800,600,station,387,399,434,453
frame_1535886403.2467468.png,800,600,station,525,365,572,419
frame_1535886403.2467468.png,800,600,station,348,157,395,211
frame_1535886403.2467468.png,800,600,station,488,125,535,179
frame_1535886403.2467468.png,800,600,station,178,402,231,452
frame_1535886403.2467468.png,800,600,station,590,193,643,243
frame_1535886403.2467468.png,800,600,station,279,266,332,316
frame_1535886403.2467468.png,800,600,station,421,267,469,313
frame_1535886465.237155.png,800,600,station,74,450,124,500
frame_1535886465.237155.png,800,600,station,392,386,442,436
frame_1535886465.237155.png,800,600,station,644,451,694,501
frame_1535886465.237155.png,800,600,station,514,356,564,406
frame_1535886465.237155.png,800,600,station,485,134,535,184
frame_1535886465.237155.png,800,600,station,360,168,410,218
frame_1535886465.237155.png,800,600,station,296,77,346,127
frame_1535886465.237155.png,800,600,station,297,266,346,311
frame_1535886465.237155.png,800,600,station,579,199,628,244
frame_1535886465.237155.png,800,600,station,203,390,252,435
frame_1535886465.237155.png,800,600,station,78,137,128,186
frame_1535886465.237155.png,800,600,station,422,265,472,314
frame_1535886496.252611.png,800,600,station,100,443,145,486
frame_1535886496.252611.png,800,600,station,634,441,679,484
frame_1535886496.252611.png,800,600,station,394,383,439,426
frame_1535886496.252611.png,800,600,station,515,353,560,396
frame_1535886496.252611.png,800,600,station,486,148,531,191
frame_1535886496.252611.png,800,600,station,364,175,409,218
frame_1535886496.252611.png,800,600,station,309,90,354,133
frame_1535886496.252611.png,800,600,station,129,262,178,310
frame_1535886496.252611.png,800,600,station,567,203,616,251
frame_1535886496.252611.png,800,600,station,304,267,353,315
frame_1535886496.252611.png,800,600,station,217,383,266,431
frame_1535886496.252611.png,800,600,station,629,294,678,342
frame_1535886496.252611.png,800,600,station,102,148,145,189
frame_1535886496.252611.png,800,600,station,426,268,469,309
frame_1535886620.3042712.png,800,600,station,102,397,160,456
frame_1535886620.3042712.png,800,600,station,506,353,564,412
frame_1535886620.3042712.png,800,600,station,190,81,248,140
frame_1535886620.3042712.png,800,600,station,331,173,384,228
frame_1535886620.3042712.png,800,600,station,508,125,568,186
frame_1535886651.2429917.png,800,600,station,180,109,233,165
frame_1535886651.2429917.png,800,600,station,459,347,512,403
frame_1535886651.2429917.png,800,600,station,344,430,397,486
frame_1535886651.2429917.png,800,600,station,97,388,150,444
frame_1535886651.2429917.png,800,600,station,302,191,356,245
frame_1535886651.2429917.png,800,600,station,459,145,516,203
frame_1535886651.2429917.png,800,600,station,583,428,637,481
frame_1535886682.276602.png,800,600,station,95,387,143,436
frame_1535886682.276602.png,800,600,station,420,350,468,399
frame_1535886682.276602.png,800,600,station,310,421,358,470
frame_1535886682.276602.png,800,600,station,167,131,215,180
frame_1535886682.276602.png,800,600,station,278,206,325,255
frame_1535886682.276602.png,800,600,station,349,62,396,111
frame_1535886682.276602.png,800,600,station,491,58,541,113
frame_1535886682.276602.png,800,600,station,525,416,575,471
frame_1535886682.276602.png,800,600,station,418,167,468,222
frame_1535886775.2447183.png,800,600,station,543,167,588,211
frame_1535886775.2447183.png,800,600,station,513,47,558,91
frame_1535886775.2447183.png,800,600,station,360,344,405,388
frame_1535886775.2447183.png,800,600,station,273,402,318,446
frame_1535886775.2447183.png,800,600,station,94,376,139,420
frame_1535886775.2447183.png,800,600,station,152,166,197,210
frame_1535886775.2447183.png,800,600,station,31,227,76,271
frame_1535886775.2447183.png,800,600,station,215,77,259,119
frame_1535886775.2447183.png,800,600,station,307,108,348,150
frame_1535886775.2447183.png,800,600,station,244,227,285,269
frame_1535886775.2447183.png,800,600,station,359,189,413,242
frame_1535886775.2447183.png,800,600,station,599,461,653,514
frame_1535886775.2447183.png,800,600,station,447,399,501,452
frame_1535886775.2447183.png,800,600,station,417,104,471,157
frame_1535886775.2447183.png,800,600,station,30,76,75,120
frame_1535886806.266666.png,800,600,station,38,91,78,130
frame_1535886806.266666.png,800,600,station,349,346,389,385
frame_1535886806.266666.png,800,600,station,263,404,303,443
frame_1535886806.266666.png,800,600,station,95,375,135,414
frame_1535886806.266666.png,800,600,station,180,318,220,357
frame_1535886806.266666.png,800,600,station,520,176,560,215
frame_1535886806.266666.png,800,600,station,489,63,529,102
frame_1535886806.266666.png,800,600,station,149,175,189,214
frame_1535886806.266666.png,800,600,station,37,231,77,270
frame_1535886806.266666.png,800,600,station,211,91,246,131
frame_1535886806.266666.png,800,600,station,294,121,330,158
frame_1535886806.266666.png,800,600,station,238,234,274,271
frame_1535886806.266666.png,800,600,station,573,458,616,499
frame_1535886806.266666.png,800,600,station,602,117,645,158
frame_1535886806.266666.png,800,600,station,405,117,448,158
frame_1535886806.266666.png,800,600,station,348,201,391,242
frame_1535886806.266666.png,800,600,station,431,400,474,441
frame_1535918802.0722797.png,800,600,station,39,104,80,143
frame_1535918802.0722797.png,800,600,station,255,400,296,439
frame_1535918802.0722797.png,800,600,station,90,370,131,409
frame_1535918802.0722797.png,800,600,station,171,317,212,356
frame_1535918802.0722797.png,800,600,station,334,344,375,383
frame_1535918802.0722797.png,800,600,station,575,235,616,274
frame_1535918802.0722797.png,800,600,station,495,181,536,220
frame_1535918802.0722797.png,800,600,station,467,78,508,117
frame_1535918802.0722797.png,800,600,station,145,183,186,222
frame_1535918802.0722797.png,800,600,station,40,236,81,275
frame_1535918802.0722797.png,800,600,station,543,444,591,492
frame_1535918802.0722797.png,800,600,station,571,121,619,169
frame_1535918802.0722797.png,800,600,station,384,125,432,173
frame_1535918802.0722797.png,800,600,station,328,204,376,252
frame_1535918802.0722797.png,800,600,station,651,288,699,336
frame_1535918802.0722797.png,800,600,station,653,393,701,441
frame_1535918802.0722797.png,800,600,station,410,395,458,443
frame_1535918802.0722797.png,800,600,station,228,238,270,275
frame_1535918802.0722797.png,800,600,station,278,132,320,169
frame_1535918802.0722797.png,800,600,station,198,99,241,141
frame_1535918833.0474133.png,800,600,station,43,112,80,151
frame_1535918833.0474133.png,800,600,station,557,239,594,278
frame_1535918833.0474133.png,800,600,station,478,189,515,228
frame_1535918833.0474133.png,800,600,station,451,86,488,125
frame_1535918833.0474133.png,800,600,station,326,341,363,380
frame_1535918833.0474133.png,800,600,station,247,393,284,432
frame_1535918833.0474133.png,800,600,station,92,369,129,408
frame_1535918833.0474133.png,800,600,station,170,316,207,355
frame_1535918833.0474133.png,800,600,station,40,239,77,278
frame_1535918833.0474133.png,800,600,station,143,189,180,228
frame_1535918833.0474133.png,800,600,station,196,111,235,151
frame_1535918833.0474133.png,800,600,station,555,138,591,177
frame_1535918833.0474133.png,800,600,station,632,394,668,433
frame_1535918833.0474133.png,800,600,station,631,291,667,330
frame_1535918833.0474133.png,800,600,station,528,443,564,482
frame_1535918833.0474133.png,800,600,station,398,395,434,434
frame_1535918833.0474133.png,800,600,station,323,214,359,253
frame_1535918833.0474133.png,800,600,station,375,140,411,179
frame_1535918833.0474133.png,800,600,station,400,243,441,280
frame_1535918833.0474133.png,800,600,station,217,243,258,280
frame_1535918833.0474133.png,800,600,station,273,139,314,176
frame_1535918864.089597.png,800,600,station,44,124,82,160
frame_1535918864.089597.png,800,600,station,657,194,695,230
frame_1535918864.089597.png,800,600,station,535,243,573,279
frame_1535918864.089597.png,800,600,station,461,196,499,232
frame_1535918864.089597.png,800,600,station,437,96,475,132
frame_1535918864.089597.png,800,600,station,536,21,574,57
frame_1535918864.089597.png,800,600,station,312,344,350,380
frame_1535918864.089597.png,800,600,station,240,393,278,429
frame_1535918864.089597.png,800,600,station,165,319,203,355
frame_1535918864.089597.png,800,600,station,89,369,127,405
frame_1535918864.089597.png,800,600,station,44,244,82,280
frame_1535918864.089597.png,800,600,station,142,198,180,234
frame_1535918864.089597.png,800,600,station,191,122,231,158
frame_1535918864.089597.png,800,600,station,217,247,257,282
frame_1535918864.089597.png,800,600,station,310,225,350,260
frame_1535918864.089597.png,800,600,station,266,148,306,183
frame_1535918864.089597.png,800,600,station,361,145,402,184
frame_1535918864.089597.png,800,600,station,384,388,425,427
frame_1535918864.089597.png,800,600,station,607,395,648,434
frame_1535918864.089597.png,800,600,station,509,442,550,481
frame_1535918864.089597.png,800,600,station,606,293,647,332
frame_1535918864.089597.png,800,600,station,531,141,572,180
frame_1535918864.089597.png,800,600,station,388,246,428,281
frame_1535918957.0892057.png,800,600,station,53,94,119,159
frame_1535918957.0892057.png,800,600,station,388,388,454,453
frame_1535918957.0892057.png,800,600,station,134,430,200,495
frame_1535918957.0892057.png,800,600,station,226,310,288,365
frame_1535918957.0892057.png,800,600,station,519,97,581,152
frame_1535918957.0892057.png,800,600,station,398,184,450,239
frame_1535919019.0689023.png,800,600,station,252,73,301,121
frame_1535919019.0689023.png,800,600,station,604,422,653,470
frame_1535919019.0689023.png,800,600,station,288,315,337,363
frame_1535919019.0689023.png,800,600,station,641,213,690,261
frame_1535919019.0689023.png,800,600,station,534,141,583,189
frame_1535919019.0689023.png,800,600,station,148,145,199,192
frame_1535919019.0689023.png,800,600,station,636,70,687,117
frame_1535919019.0689023.png,800,600,station,428,389,479,436
frame_1535919019.0689023.png,800,600,station,213,423,264,470
frame_1535919019.0689023.png,800,600,station,430,214,476,261
frame_1535919081.0711393.png,800,600,station,82,456,128,497
frame_1535919081.0711393.png,800,600,station,603,420,649,461
frame_1535919081.0711393.png,800,600,station,636,224,682,265
frame_1535919081.0711393.png,800,600,station,537,162,583,203
frame_1535919081.0711393.png,800,600,station,307,326,353,367
frame_1535919081.0711393.png,800,600,station,276,95,322,136
frame_1535919081.0711393.png,800,600,station,178,161,231,207
frame_1535919081.0711393.png,800,600,station,632,97,685,143
frame_1535919081.0711393.png,800,600,station,436,388,489,434
frame_1535919081.0711393.png,800,600,station,240,418,293,464
frame_1535919081.0711393.png,800,600,station,472,56,526,112
frame_1535919081.0711393.png,800,600,station,441,225,486,267
frame_1535919112.0593696.png,800,600,station,113,143,152,184
frame_1535919112.0593696.png,800,600,station,452,235,491,276
frame_1535919112.0593696.png,800,600,station,601,420,647,461
frame_1535919112.0593696.png,800,600,station,107,448,153,489
frame_1535919112.0593696.png,800,600,station,322,327,368,368
frame_1535919112.0593696.png,800,600,station,293,112,339,153
frame_1535919112.0593696.png,800,600,station,540,170,586,211
frame_1535919112.0593696.png,800,600,station,635,231,681,272
frame_1535919112.0593696.png,800,600,station,171,358,216,399
frame_1535919112.0593696.png,800,600,station,262,419,307,460
frame_1535919112.0593696.png,800,600,station,442,386,496,432
frame_1535919112.0593696.png,800,600,station,201,171,251,214
frame_1535919112.0593696.png,800,600,station,631,109,676,150
frame_1535919112.0593696.png,800,600,station,481,82,521,122
frame_1535919143.046294.png,800,600,station,21,358,66,398
frame_1535919143.046294.png,800,600,station,256,43,296,77
frame_1535919143.046294.png,800,600,station,370,38,415,78
frame_1535919143.046294.png,800,600,station,543,186,588,226
frame_1535919143.046294.png,800,600,station,630,244,675,284
frame_1535919143.046294.png,800,600,station,600,413,645,453
frame_1535919143.046294.png,800,600,station,339,328,384,368
frame_1535919143.046294.png,800,600,station,135,446,180,486
frame_1535919143.046294.png,800,600,station,308,125,353,165
frame_1535919143.046294.png,800,600,station,143,156,182,197
frame_1535919143.046294.png,800,600,station,459,242,498,283
frame_1535919143.046294.png,800,600,station,227,186,269,227
frame_1535919143.046294.png,800,600,station,629,126,671,167
frame_1535919143.046294.png,800,600,station,455,385,497,426
frame_1535919143.046294.png,800,600,station,283,415,325,456
frame_1535919143.046294.png,800,600,station,195,359,237,400
frame_1535919143.046294.png,800,600,station,487,96,530,136
frame_1535919236.0830526.png,800,600,station,97,358,138,396
frame_1535919236.0830526.png,800,600,station,602,410,643,448
frame_1535919236.0830526.png,800,600,station,676,332,717,370
frame_1535919236.0830526.png,800,600,station,623,256,664,294
frame_1535919236.0830526.png,800,600,station,349,157,390,195
frame_1535919236.0830526.png,800,600,station,547,209,588,247
frame_1535919236.0830526.png,800,600,station,424,454,465,492
frame_1535919236.0830526.png,800,600,station,372,331,413,369
frame_1535919236.0830526.png,800,600,station,194,433,235,471
frame_1535919236.0830526.png,800,600,station,397,80,438,118
frame_1535919236.0830526.png,800,600,station,296,82,337,120
frame_1535919236.0830526.png,800,600,station,121,55,162,93
frame_1535919236.0830526.png,800,600,station,197,180,239,220
frame_1535919236.0830526.png,800,600,station,471,258,513,298
frame_1535919236.0830526.png,800,600,station,271,201,317,247
frame_1535919236.0830526.png,800,600,station,624,158,670,204
frame_1535919236.0830526.png,800,600,station,470,379,516,425
frame_1535919236.0830526.png,800,600,station,318,402,364,448
frame_1535919236.0830526.png,800,600,station,93,454,139,500
frame_1535919236.0830526.png,800,600,station,245,350,291,396
frame_1535919236.0830526.png,800,600,station,502,134,539,170
frame_1535919267.075648.png,800,600,station,210,186,253,226
frame_1535919267.075648.png,800,600,station,475,259,518,299
frame_1535919267.075648.png,800,600,station,139,69,174,104
frame_1535919267.075648.png,800,600,station,211,434,246,469
frame_1535919267.075648.png,800,600,station,113,358,148,393
frame_1535919267.075648.png,800,600,station,432,457,467,492
frame_1535919267.075648.png,800,600,station,383,334,418,369
frame_1535919267.075648.png,800,600,station,600,408,635,443
frame_1535919267.075648.png,800,600,station,671,335,706,370
frame_1535919267.075648.png,800,600,station,624,261,659,296
frame_1535919267.075648.png,800,600,station,550,214,585,249
frame_1535919267.075648.png,800,600,station,359,168,394,203
frame_1535919267.075648.png,800,600,station,675,93,710,128
frame_1535919267.075648.png,800,600,station,407,91,442,126
frame_1535919267.075648.png,800,600,station,309,90,344,125
frame_1535919267.075648.png,800,600,station,285,212,324,250
frame_1535919267.075648.png,800,600,station,623,164,662,202
frame_1535919267.075648.png,800,600,station,479,386,518,424
frame_1535919267.075648.png,800,600,station,330,404,369,442
frame_1535919267.075648.png,800,600,station,112,456,151,494
frame_1535919267.075648.png,800,600,station,258,356,297,394
frame_1535919267.075648.png,800,600,station,505,139,539,174
frame_1535919267.075648.png,800,600,station,697,478,739,517
frame_1535919370.1479342.png,800,600,station,178,76,230,129
frame_1535919370.1479342.png,800,600,station,218,390,270,443
frame_1535919370.1479342.png,800,600,station,81,299,141,357
frame_1535919370.1479342.png,800,600,station,399,436,459,494
frame_1535919370.1479342.png,800,600,station,404,213,452,264
frame_1535919432.1850665.png,800,600,station,181,331,228,376
frame_1535919432.1850665.png,800,600,station,425,434,481,484
frame_1535919432.1850665.png,800,600,station,532,110,588,160
frame_1535919432.1850665.png,800,600,station,253,148,293,194
frame_1535919432.1850665.png,800,600,station,251,146,291,192
frame_1535919432.1850665.png,800,600,station,287,399,334,449
frame_1535919432.1850665.png,800,600,station,397,114,437,160
frame_1535919432.1850665.png,800,600,station,607,471,654,521
frame_1535919432.1850665.png,800,600,station,431,258,481,306
frame_1535919463.1673427.png,800,600,station,134,131,190,191
frame_1535919463.1673427.png,800,600,station,240,36,287,88
frame_1535919463.1673427.png,800,600,station,238,34,285,86
frame_1535919463.1673427.png,800,600,station,602,468,649,520
frame_1535919463.1673427.png,800,600,station,305,399,352,451
frame_1535919463.1673427.png,800,600,station,634,200,681,252
frame_1535919463.1673427.png,800,600,station,403,135,450,187
frame_1535919463.1673427.png,800,600,station,269,173,316,225
frame_1535919463.1673427.png,800,600,station,205,338,253,381
frame_1535919463.1673427.png,800,600,station,533,132,587,185
frame_1535919463.1673427.png,800,600,station,433,439,481,482
frame_1535919463.1673427.png,800,600,station,440,270,482,317
frame_1535919494.1652184.png,800,600,station,217,340,265,382
frame_1535919494.1652184.png,800,600,station,439,435,487,477
frame_1535919494.1652184.png,800,600,station,533,153,581,195
frame_1535919494.1652184.png,800,600,station,471,55,519,97
frame_1535919494.1652184.png,800,600,station,158,152,200,194
frame_1535919494.1652184.png,800,600,station,415,156,452,193
frame_1535919494.1652184.png,800,600,station,603,473,640,510
frame_1535919494.1652184.png,800,600,station,321,409,358,446
frame_1535919494.1652184.png,800,600,station,635,217,672,254
frame_1535919494.1652184.png,800,600,station,286,185,323,222
frame_1535919494.1652184.png,800,600,station,668,89,705,126
frame_1535919494.1652184.png,800,600,station,255,59,292,96
frame_1535919494.1652184.png,800,600,station,446,282,481,318
frame_1535919587.1623962.png,800,600,station,105,141,140,178
frame_1535919587.1623962.png,800,600,station,457,303,492,340
frame_1535919587.1623962.png,800,600,station,211,193,250,230
frame_1535919587.1623962.png,800,600,station,47,463,85,501
frame_1535919587.1623962.png,800,600,station,539,27,577,65
frame_1535919587.1623962.png,800,600,station,403,55,441,93
frame_1535919587.1623962.png,800,600,station,430,193,468,231
frame_1535919587.1623962.png,800,600,station,292,112,330,150
frame_1535919587.1623962.png,800,600,station,648,140,686,178
frame_1535919587.1623962.png,800,600,station,319,222,357,260
frame_1535919587.1623962.png,800,600,station,618,246,656,284
frame_1535919587.1623962.png,800,600,station,347,413,385,451
frame_1535919587.1623962.png,800,600,station,590,462,634,505
frame_1535919587.1623962.png,800,600,station,74,354,112,392
frame_1535919587.1623962.png,800,600,station,215,436,251,476
frame_1535919587.1623962.png,800,600,station,533,189,581,234
frame_1535919587.1623962.png,800,600,station,460,439,496,479
frame_1535919587.1623962.png,800,600,station,269,352,305,392
frame_1535919587.1623962.png,800,600,station,484,107,520,147
frame_1535919618.1806023.png,800,600,station,104,139,144,181
frame_1535919618.1806023.png,800,600,station,455,299,495,341
frame_1535919618.1806023.png,800,600,station,209,188,253,235
frame_1535919618.1806023.png,800,600,station,78,360,113,395
frame_1535919618.1806023.png,800,600,station,584,458,639,508
frame_1535919618.1806023.png,800,600,station,431,195,466,230
frame_1535919618.1806023.png,800,600,station,351,411,386,446
frame_1535919618.1806023.png,800,600,station,623,249,658,284
frame_1535919618.1806023.png,800,600,station,647,139,682,174
frame_1535919618.1806023.png,800,600,station,540,31,575,66
frame_1535919618.1806023.png,800,600,station,403,59,438,94
frame_1535919618.1806023.png,800,600,station,297,113,332,148
frame_1535919618.1806023.png,800,600,station,321,221,356,256
frame_1535919618.1806023.png,800,600,station,53,467,88,502
frame_1535919618.1806023.png,800,600,station,206,441,250,478
frame_1535919618.1806023.png,800,600,station,481,113,525,150
frame_1535919618.1806023.png,800,600,station,536,193,580,230
frame_1535919618.1806023.png,800,600,station,453,439,497,476
frame_1535919618.1806023.png,800,600,station,264,355,308,392
frame_1535919711.1314645.png,800,600,station,58,185,101,228
frame_1535919711.1314645.png,800,600,station,484,130,527,173
frame_1535919711.1314645.png,800,600,station,537,204,580,247
frame_1535919711.1314645.png,800,600,station,461,433,504,476
frame_1535919711.1314645.png,800,600,station,233,434,276,477
frame_1535919711.1314645.png,800,600,station,281,359,324,402
frame_1535919711.1314645.png,800,600,station,134,160,172,197
frame_1535919711.1314645.png,800,600,station,463,312,501,349
frame_1535919711.1314645.png,800,600,station,313,137,348,173
frame_1535919711.1314645.png,800,600,station,584,458,628,502
frame_1535919711.1314645.png,800,600,station,83,465,118,501
frame_1535919711.1314645.png,800,600,station,108,361,143,397
frame_1535919711.1314645.png,800,600,station,186,312,221,348
frame_1535919711.1314645.png,800,600,station,365,413,400,449
frame_1535919711.1314645.png,800,600,station,339,238,374,274
frame_1535919711.1314645.png,800,600,station,617,261,652,297
frame_1535919711.1314645.png,800,600,station,642,159,677,195
frame_1535919711.1314645.png,800,600,station,542,58,577,94
frame_1535919711.1314645.png,800,600,station,413,82,448,118
frame_1535919711.1314645.png,800,600,station,233,208,273,247
frame_1535919711.1314645.png,800,600,station,435,211,470,247
frame_1535919804.181771.png,800,600,station,181,54,212,89
frame_1535919804.181771.png,800,600,station,252,221,287,257
frame_1535919804.181771.png,800,600,station,105,465,139,496
frame_1535919804.181771.png,800,600,station,633,175,667,206
frame_1535919804.181771.png,800,600,station,347,247,381,278
frame_1535919804.181771.png,800,600,station,442,224,476,255
frame_1535919804.181771.png,800,600,station,612,273,646,304
frame_1535919804.181771.png,800,600,station,419,100,453,131
frame_1535919804.181771.png,800,600,station,322,151,356,182
frame_1535919804.181771.png,800,600,station,370,417,404,448
frame_1535919804.181771.png,800,600,station,202,320,236,351
frame_1535919804.181771.png,800,600,station,131,367,165,398
frame_1535919804.181771.png,800,600,station,583,458,625,499
frame_1535919804.181771.png,800,600,station,539,79,573,110
frame_1535919804.181771.png,800,600,station,154,177,189,208
frame_1535919804.181771.png,800,600,station,467,323,502,354
frame_1535919804.181771.png,800,600,station,33,130,68,161
frame_1535919804.181771.png,800,600,station,296,369,336,404
frame_1535919804.181771.png,800,600,station,535,219,575,254
frame_1535919804.181771.png,800,600,station,488,149,528,184
frame_1535919804.181771.png,800,600,station,78,198,118,233
frame_1535919804.181771.png,800,600,station,462,436,502,471
frame_1535919804.181771.png,800,600,station,250,439,290,474
frame_1535987452.8238132.png,800,600,station,348,138,405,192
frame_1535987452.8238132.png,800,600,station,246,369,316,428
frame_1535987452.8238132.png,800,600,station,531,419,592,475
frame_1535987545.8888652.png,800,600,station,106,84,157,134
frame_1535987545.8888652.png,800,600,station,473,418,524,468
frame_1535987545.8888652.png,800,600,station,106,252,157,302
frame_1535987545.8888652.png,800,600,station,310,170,363,217
frame_1535987545.8888652.png,800,600,station,555,291,611,342
frame_1535987545.8888652.png,800,600,station,226,374,282,425
frame_1535987638.889842.png,800,600,station,193,71,243,116
frame_1535987638.889842.png,800,600,station,632,206,682,251
frame_1535987638.889842.png,800,600,station,394,409,444,454
frame_1535987638.889842.png,800,600,station,91,274,141,319
frame_1535987638.889842.png,800,600,station,90,138,140,183
frame_1535987638.889842.png,800,600,station,264,206,308,251
frame_1535987638.889842.png,800,600,station,191,374,242,417
frame_1535987638.889842.png,800,600,station,529,409,580,452
frame_1535987638.889842.png,800,600,station,462,310,513,353
frame_1535987762.8171456.png,800,600,station,271,72,312,115
frame_1535987762.8171456.png,800,600,station,241,222,282,265
frame_1535987762.8171456.png,800,600,station,180,105,217,141
frame_1535987762.8171456.png,800,600,station,365,409,402,445
frame_1535987762.8171456.png,800,600,station,89,287,126,323
frame_1535987762.8171456.png,800,600,station,91,168,128,204
frame_1535987762.8171456.png,800,600,station,579,227,616,263
frame_1535987762.8171456.png,800,600,station,669,166,706,202
frame_1535987762.8171456.png,800,600,station,576,107,613,143
frame_1535987762.8171456.png,800,600,station,24,377,67,417
frame_1535987762.8171456.png,800,600,station,480,407,523,447
frame_1535987762.8171456.png,800,600,station,422,315,465,355
frame_1535987762.8171456.png,800,600,station,175,378,218,418
frame_1535987855.873197.png,800,600,station,235,146,292,202
frame_1535987855.873197.png,800,600,station,556,465,613,521
frame_1535987855.873197.png,800,600,station,142,326,199,382
frame_1535987855.873197.png,800,600,station,365,278,431,336
frame_1535987855.873197.png,800,600,station,551,237,617,295
frame_1535987886.9067338.png,800,600,station,131,33,180,82
frame_1535987886.9067338.png,800,600,station,502,445,551,494
frame_1535987886.9067338.png,800,600,station,211,155,260,204
frame_1535987886.9067338.png,800,600,station,129,320,178,369
frame_1535987886.9067338.png,800,600,station,330,275,390,328
frame_1535987886.9067338.png,800,600,station,453,72,513,125
frame_1535987886.9067338.png,800,600,station,496,235,556,288
frame_1535987979.9501314.png,800,600,station,109,73,151,116
frame_1535987979.9501314.png,800,600,station,408,406,450,449
frame_1535987979.9501314.png,800,600,station,41,438,83,481
frame_1535987979.9501314.png,800,600,station,107,306,149,349
frame_1535987979.9501314.png,800,600,station,41,173,83,216
frame_1535987979.9501314.png,800,600,station,175,170,217,213
frame_1535987979.9501314.png,800,600,station,239,75,286,118
frame_1535987979.9501314.png,800,600,station,367,100,420,156
frame_1535987979.9501314.png,800,600,station,167,434,220,490
frame_1535987979.9501314.png,800,600,station,534,35,587,91
frame_1535987979.9501314.png,800,600,station,266,264,319,320
frame_1535987979.9501314.png,800,600,station,406,239,450,283
frame_1535988103.8794188.png,800,600,station,38,402,78,441
frame_1535988103.8794188.png,800,600,station,647,346,687,385
frame_1535988103.8794188.png,800,600,station,567,268,607,307
frame_1535988103.8794188.png,800,600,station,143,188,183,227
frame_1535988103.8794188.png,800,600,station,591,107,631,146
frame_1535988103.8794188.png,800,600,station,569,425,609,464
frame_1535988103.8794188.png,800,600,station,327,374,367,413
frame_1535988103.8794188.png,800,600,station,86,107,126,146
frame_1535988103.8794188.png,800,600,station,36,188,76,227
frame_1535988103.8794188.png,800,600,station,90,292,130,331
frame_1535988103.8794188.png,800,600,station,140,397,182,441
frame_1535988103.8794188.png,800,600,station,435,450,477,494
frame_1535988103.8794188.png,800,600,station,514,159,556,203
frame_1535988103.8794188.png,800,600,station,432,78,474,122
frame_1535988103.8794188.png,800,600,station,299,135,341,179
frame_1535988103.8794188.png,800,600,station,219,269,261,313
frame_1535988103.8794188.png,800,600,station,463,295,502,335
frame_1535988103.8794188.png,800,600,station,323,243,362,283
frame_1535988103.8794188.png,800,600,station,199,113,232,145
frame_1535988103.8794188.png,800,600,station,381,161,422,204
frame_1535988196.8747845.png,800,600,station,88,115,127,154
frame_1535988196.8747845.png,800,600,station,626,346,665,385
frame_1535988196.8747845.png,800,600,station,627,189,666,228
frame_1535988196.8747845.png,800,600,station,575,110,614,149
frame_1535988196.8747845.png,800,600,station,547,265,586,304
frame_1535988196.8747845.png,800,600,station,547,419,586,458
frame_1535988196.8747845.png,800,600,station,317,368,356,407
frame_1535988196.8747845.png,800,600,station,36,394,75,433
frame_1535988196.8747845.png,800,600,station,86,290,125,329
frame_1535988196.8747845.png,800,600,station,136,191,175,230
frame_1535988196.8747845.png,800,600,station,33,191,72,230
frame_1535988196.8747845.png,800,600,station,189,113,226,149
frame_1535988196.8747845.png,800,600,station,284,131,337,179
frame_1535988196.8747845.png,800,600,station,491,158,544,206
frame_1535988196.8747845.png,800,600,station,410,442,463,490
frame_1535988196.8747845.png,800,600,station,130,390,183,438
frame_1535988196.8747845.png,800,600,station,209,268,262,316
frame_1535988196.8747845.png,800,600,station,411,80,464,128
frame_1535988196.8747845.png,800,600,station,369,167,409,205
frame_1535988196.8747845.png,800,600,station,319,240,359,282
frame_1535988196.8747845.png,800,600,station,445,294,485,336
frame_1535988258.9666953.png,800,600,station,339,50,386,101
frame_1535988258.9666953.png,800,600,station,478,327,525,378
frame_1535988258.9666953.png,800,600,station,291,284,339,328
frame_1535988258.9666953.png,800,600,station,520,139,581,193
frame_1535988289.8799343.png,800,600,station,347,56,395,108
frame_1535988289.8799343.png,800,600,station,479,320,527,372
frame_1535988289.8799343.png,800,600,station,210,144,267,195
frame_1535988289.8799343.png,800,600,station,515,144,572,195
frame_1535988289.8799343.png,800,600,station,213,410,270,461
frame_1535988289.8799343.png,800,600,station,301,275,351,330
frame_1535988427.1563325.png,794,560,station,200,298,252,347
frame_1535988427.1563325.png,794,560,station,331,432,382,481
frame_1535988427.1563325.png,794,560,station,548,344,599,393
frame_1535988427.1563325.png,794,560,station,420,129,464,173
frame_1535988488.5647516.png,794,560,station,522,80,564,124
frame_1535988488.5647516.png,794,560,station,518,348,560,392
frame_1535988488.5647516.png,794,560,station,328,424,370,468
frame_1535988488.5647516.png,794,560,station,405,158,443,199
frame_1535988488.5647516.png,794,560,station,206,305,261,351
frame_1535988488.5647516.png,794,560,station,129,422,184,468
frame_1535988612.5471394.png,794,560,station,75,288,131,332
frame_1535988612.5471394.png,794,560,station,221,316,277,360
frame_1535988612.5471394.png,794,560,station,162,405,218,449
frame_1535988612.5471394.png,794,560,station,72,139,128,183
frame_1535988612.5471394.png,794,560,station,197,143,243,186
frame_1535988612.5471394.png,794,560,station,405,53,448,94
frame_1535988612.5471394.png,794,560,station,610,438,653,479
frame_1535988612.5471394.png,794,560,station,465,141,508,182
frame_1535988612.5471394.png,794,560,station,466,350,509,391
frame_1535988612.5471394.png,794,560,station,318,407,361,448
frame_1535988612.5471394.png,794,560,station,377,201,418,243
frame_1535988643.5421875.png,794,560,station,96,294,135,332
frame_1535988643.5421875.png,794,560,station,175,405,214,443
frame_1535988643.5421875.png,794,560,station,232,321,271,359
frame_1535988643.5421875.png,794,560,station,93,156,132,194
frame_1535988643.5421875.png,794,560,station,318,407,353,442
frame_1535988643.5421875.png,794,560,station,401,73,436,108
frame_1535988643.5421875.png,794,560,station,455,159,490,194
frame_1535988643.5421875.png,794,560,station,538,50,573,85
frame_1535988643.5421875.png,794,560,station,651,133,686,168
frame_1535988643.5421875.png,794,560,station,567,240,602,275
frame_1535988643.5421875.png,794,560,station,594,437,629,472
frame_1535988643.5421875.png,794,560,station,455,351,490,386
frame_1535988643.5421875.png,794,560,station,205,156,246,197
frame_1535988643.5421875.png,794,560,station,375,214,410,248
frame_1535988711.5812612.png,794,560,station,117,81,147,114
frame_1535988711.5812612.png,794,560,station,361,226,399,265
frame_1535988711.5812612.png,794,560,station,435,174,474,215
frame_1535988711.5812612.png,794,560,station,386,98,425,139
frame_1535988711.5812612.png,794,560,station,512,73,551,114
frame_1535988711.5812612.png,794,560,station,609,151,648,192
frame_1535988711.5812612.png,794,560,station,660,225,699,266
frame_1535988711.5812612.png,794,560,station,534,250,573,291
frame_1535988711.5812612.png,794,560,station,563,422,602,463
frame_1535988711.5812612.png,794,560,station,438,350,477,391
frame_1535988711.5812612.png,794,560,station,311,401,350,442
frame_1535988711.5812612.png,794,560,station,38,448,77,489
frame_1535988711.5812612.png,794,560,station,191,400,228,441
frame_1535988711.5812612.png,794,560,station,313,50,350,91
frame_1535988711.5812612.png,794,560,station,115,175,152,216
frame_1535988711.5812612.png,794,560,station,112,302,149,343
frame_1535988711.5812612.png,794,560,station,238,321,275,362
frame_1535988711.5812612.png,794,560,station,215,175,251,214
frame_1535988742.5265782.png,794,560,station,51,447,87,485
frame_1535988742.5265782.png,794,560,station,429,186,465,224
frame_1535988742.5265782.png,794,560,station,387,112,423,150
frame_1535988742.5265782.png,794,560,station,503,90,539,128
frame_1535988742.5265782.png,794,560,station,598,163,634,201
frame_1535988742.5265782.png,794,560,station,696,158,732,196
frame_1535988742.5265782.png,794,560,station,646,232,682,270
frame_1535988742.5265782.png,794,560,station,525,254,561,292
frame_1535988742.5265782.png,794,560,station,550,420,586,458
frame_1535988742.5265782.png,794,560,station,433,350,469,388
frame_1535988742.5265782.png,794,560,station,311,398,347,436
frame_1535988742.5265782.png,794,560,station,48,235,84,273
frame_1535988742.5265782.png,794,560,station,359,231,398,274
frame_1535988742.5265782.png,794,560,station,189,65,228,108
frame_1535988742.5265782.png,794,560,station,119,90,158,133
frame_1535988742.5265782.png,794,560,station,120,184,161,223
frame_1535988742.5265782.png,794,560,station,237,325,278,364
frame_1535988742.5265782.png,794,560,station,191,397,232,436
frame_1535988742.5265782.png,794,560,station,118,301,159,340
frame_1535988742.5265782.png,794,560,station,307,64,348,103
frame_1535988742.5265782.png,794,560,station,217,186,253,219
frame_1535988835.5941272.png,794,560,station,232,66,289,118
frame_1535988835.5941272.png,794,560,station,486,108,543,160
frame_1535988835.5941272.png,794,560,station,274,240,329,291
frame_1535988835.5941272.png,794,560,station,615,409,670,460
frame_1535988835.5941272.png,794,560,station,450,282,500,336
frame_1535988866.603547.png,794,560,station,602,405,651,453
frame_1535988866.603547.png,794,560,station,149,255,198,303
frame_1535988866.603547.png,794,560,station,297,259,346,307
frame_1535988866.603547.png,794,560,station,71,368,121,415
frame_1535988866.603547.png,794,560,station,485,142,535,189
frame_1535988866.603547.png,794,560,station,258,106,308,153
frame_1535988866.603547.png,794,560,station,451,295,500,341
frame_1535988897.5788975.png,794,560,station,152,69,202,118
frame_1535988897.5788975.png,794,560,station,119,372,169,420
frame_1535988897.5788975.png,794,560,station,482,171,532,219
frame_1535988897.5788975.png,794,560,station,283,138,333,186
frame_1535988897.5788975.png,794,560,station,389,73,435,122
frame_1535988897.5788975.png,794,560,station,584,406,630,455
frame_1535988897.5788975.png,794,560,station,319,272,365,321
frame_1535988897.5788975.png,794,560,station,185,271,231,320
frame_1535988897.5788975.png,794,560,station,456,307,498,356
frame_1535988928.6243513.png,794,560,station,179,99,219,139
frame_1535988928.6243513.png,794,560,station,208,282,250,328
frame_1535988928.6243513.png,794,560,station,581,406,623,452
frame_1535988928.6243513.png,794,560,station,614,160,656,206
frame_1535988928.6243513.png,794,560,station,520,64,562,110
frame_1535988928.6243513.png,794,560,station,395,94,437,140
frame_1535988928.6243513.png,794,560,station,301,34,343,80
frame_1535988928.6243513.png,794,560,station,336,280,378,326
frame_1535988928.6243513.png,794,560,station,301,159,345,199
frame_1535988928.6243513.png,794,560,station,145,379,189,419
frame_1535988928.6243513.png,794,560,station,489,192,533,232
frame_1535988928.6243513.png,794,560,station,458,315,499,359
frame_1535988959.612568.png,794,560,station,196,117,240,156
frame_1535988959.612568.png,794,560,station,313,55,355,97
frame_1535988959.612568.png,794,560,station,577,407,619,449
frame_1535988959.612568.png,794,560,station,340,291,382,333
frame_1535988959.612568.png,794,560,station,224,289,266,331
frame_1535988959.612568.png,794,560,station,605,175,647,217
frame_1535988959.612568.png,794,560,station,663,85,705,127
frame_1535988959.612568.png,794,560,station,517,86,559,128
frame_1535988959.612568.png,794,560,station,399,113,441,155
frame_1535988959.612568.png,794,560,station,47,290,92,331
frame_1535988959.612568.png,794,560,station,485,204,530,245
frame_1535988959.612568.png,794,560,station,310,176,355,217
frame_1535988959.612568.png,794,560,station,165,379,210,420
frame_1535988959.612568.png,794,560,station,457,316,503,364
frame_1535988990.639627.png,794,560,station,213,135,252,172
frame_1535988990.639627.png,794,560,station,105,134,141,172
frame_1535988990.639627.png,794,560,station,326,80,359,118
frame_1535988990.639627.png,794,560,station,575,408,608,446
frame_1535988990.639627.png,794,560,station,243,300,276,338
frame_1535988990.639627.png,794,560,station,355,297,388,335
frame_1535988990.639627.png,794,560,station,602,188,635,226
frame_1535988990.639627.png,794,560,station,656,105,689,143
frame_1535988990.639627.png,794,560,station,519,107,552,145
frame_1535988990.639627.png,794,560,station,409,133,442,171
frame_1535988990.639627.png,794,560,station,324,188,364,225
frame_1535988990.639627.png,794,560,station,76,301,116,338
frame_1535988990.639627.png,794,560,station,186,381,226,418
frame_1535988990.639627.png,794,560,station,489,214,529,251
frame_1535988990.639627.png,794,560,station,458,322,506,370
frame_1535989021.6148834.png,794,560,station,128,150,162,184
frame_1535989021.6148834.png,794,560,station,460,329,505,373
frame_1535989021.6148834.png,794,560,station,98,301,136,340
frame_1535989021.6148834.png,794,560,station,487,228,525,267
frame_1535989021.6148834.png,794,560,station,201,383,239,422
frame_1535989021.6148834.png,794,560,station,334,200,372,239
frame_1535989021.6148834.png,794,560,station,202,45,240,84
frame_1535989021.6148834.png,794,560,station,256,307,290,339
frame_1535989021.6148834.png,794,560,station,647,124,681,156
frame_1535989021.6148834.png,794,560,station,597,204,631,236
frame_1535989021.6148834.png,794,560,station,674,256,708,288
frame_1535989021.6148834.png,794,560,station,570,412,604,444
frame_1535989021.6148834.png,794,560,station,361,308,395,340
frame_1535989021.6148834.png,794,560,station,518,124,552,156
frame_1535989021.6148834.png,794,560,station,412,153,446,185
frame_1535989021.6148834.png,794,560,station,335,99,369,131
frame_1535989021.6148834.png,794,560,station,414,48,448,80
frame_1535989021.6148834.png,794,560,station,231,151,265,186
frame_1535989114.593287.png,794,560,station,30,345,65,373
frame_1535989114.593287.png,794,560,station,168,183,203,211
frame_1535989114.593287.png,794,560,station,465,338,503,376
frame_1535989114.593287.png,794,560,station,125,65,158,100
frame_1535989114.593287.png,794,560,station,100,136,135,168
frame_1535989114.593287.png,794,560,station,237,90,272,122
frame_1535989114.593287.png,794,560,station,350,226,385,258
frame_1535989114.593287.png,794,560,station,144,319,179,351
frame_1535989114.593287.png,794,560,station,236,389,271,421
frame_1535989114.593287.png,794,560,station,255,178,301,220
frame_1535989114.593287.png,794,560,station,353,137,389,168
frame_1535989114.593287.png,794,560,station,511,159,547,190
frame_1535989114.593287.png,794,560,station,421,182,457,213
frame_1535989114.593287.png,794,560,station,420,91,456,122
frame_1535989114.593287.png,794,560,station,282,318,318,349
frame_1535989114.593287.png,794,560,station,374,319,410,350
frame_1535989114.593287.png,794,560,station,558,412,594,443
frame_1535989114.593287.png,794,560,station,672,434,708,465
frame_1535989114.593287.png,794,560,station,650,274,686,305
frame_1535989114.593287.png,794,560,station,581,230,617,261
frame_1535989114.593287.png,794,560,station,627,158,663,189
frame_1535989114.593287.png,794,560,station,535,41,571,76
frame_1535989114.593287.png,794,560,station,488,249,523,281
frame_1535989176.6282816.png,794,560,station,204,120,264,171
frame_1535989176.6282816.png,794,560,station,119,374,179,425
frame_1535989176.6282816.png,794,560,station,340,40,387,88
frame_1535989176.6282816.png,794,560,station,464,124,511,172
frame_1535989176.6282816.png,794,560,station,338,250,385,297
frame_1535989207.6109505.png,794,560,station,109,213,166,262
frame_1535989207.6109505.png,794,560,station,219,136,276,185
frame_1535989207.6109505.png,794,560,station,143,364,200,413
frame_1535989207.6109505.png,794,560,station,342,63,386,108
frame_1535989207.6109505.png,794,560,station,609,291,653,336
frame_1535989207.6109505.png,794,560,station,454,138,498,183
frame_1535989207.6109505.png,794,560,station,343,253,389,297
frame_1535989399.3829837.png,794,560,station,290,115,341,163
frame_1535989399.3829837.png,794,560,station,329,276,380,324
frame_1535989399.3829837.png,794,560,station,120,190,179,244
frame_1535989399.3829837.png,794,560,station,123,396,182,450
frame_1535989399.3829837.png,794,560,station,497,197,547,242
frame_1535989399.3829837.png,794,560,station,491,353,550,407
frame_1535989430.4441724.png,794,560,station,41,272,92,316
frame_1535989430.4441724.png,794,560,station,629,124,680,168
frame_1535989430.4441724.png,794,560,station,371,272,422,316
frame_1535989430.4441724.png,794,560,station,331,125,382,169
frame_1535989430.4441724.png,794,560,station,187,382,238,429
frame_1535989430.4441724.png,794,560,station,517,347,568,394
frame_1535989430.4441724.png,794,560,station,187,200,238,247
frame_1535989430.4441724.png,794,560,station,521,199,566,244
frame_1535989461.3844283.png,794,560,station,100,267,146,310
frame_1535989461.3844283.png,794,560,station,640,134,686,177
frame_1535989461.3844283.png,794,560,station,403,266,449,309
frame_1535989461.3844283.png,794,560,station,371,131,417,174
frame_1535989461.3844283.png,794,560,station,99,30,145,73
frame_1535989461.3844283.png,794,560,station,233,196,282,243
frame_1535989461.3844283.png,794,560,station,536,330,585,377
frame_1535989461.3844283.png,794,560,station,232,368,281,415
frame_1535989461.3844283.png,794,560,station,541,200,584,242
frame_1535989523.3893197.png,794,560,station,329,22,375,67
frame_1535989523.3893197.png,794,560,station,186,56,223,93
frame_1535989523.3893197.png,794,560,station,656,143,693,180
frame_1535989523.3893197.png,794,560,station,538,55,575,92
frame_1535989523.3893197.png,794,560,station,450,262,487,299
frame_1535989523.3893197.png,794,560,station,421,143,458,180
frame_1535989523.3893197.png,794,560,station,184,264,221,301
frame_1535989523.3893197.png,794,560,station,127,174,164,211
frame_1535989523.3893197.png,794,560,station,299,201,344,239
frame_1535989523.3893197.png,794,560,station,563,321,608,359
frame_1535989523.3893197.png,794,560,station,297,349,342,387
frame_1535989523.3893197.png,794,560,station,151,439,196,477
frame_1535989523.3893197.png,794,560,station,568,203,606,239
frame_1535989554.4492416.png,794,560,station,355,34,399,76
frame_1535989554.4492416.png,794,560,station,218,65,253,102
frame_1535989554.4492416.png,794,560,station,661,260,696,297
frame_1535989554.4492416.png,794,560,station,663,149,698,186
frame_1535989554.4492416.png,794,560,station,550,64,585,101
frame_1535989554.4492416.png,794,560,station,468,263,503,300
frame_1535989554.4492416.png,794,560,station,440,150,475,187
frame_1535989554.4492416.png,794,560,station,220,258,255,295
frame_1535989554.4492416.png,794,560,station,163,178,198,215
frame_1535989554.4492416.png,794,560,station,54,122,89,157
frame_1535989554.4492416.png,794,560,station,577,204,612,239
frame_1535989554.4492416.png,794,560,station,328,208,365,239
frame_1535989554.4492416.png,794,560,station,328,342,366,376
frame_1535989554.4492416.png,794,560,station,191,427,228,458
frame_1535989554.4492416.png,794,560,station,579,314,617,348
frame_1535989554.4492416.png,794,560,station,466,425,504,459
frame_1535989616.4238997.png,794,560,station,83,256,119,292
frame_1535989616.4238997.png,794,560,station,592,206,628,242
frame_1535989616.4238997.png,794,560,station,107,133,143,169
frame_1535989616.4238997.png,794,560,station,389,51,425,86
frame_1535989616.4238997.png,794,560,station,258,78,296,112
frame_1535989616.4238997.png,794,560,station,666,360,704,394
frame_1535989616.4238997.png,794,560,station,488,257,526,291
frame_1535989616.4238997.png,794,560,station,669,257,707,291
frame_1535989616.4238997.png,794,560,station,669,156,707,190
frame_1535989616.4238997.png,794,560,station,566,78,604,112
frame_1535989616.4238997.png,794,560,station,463,153,501,187
frame_1535989616.4238997.png,794,560,station,258,258,296,292
frame_1535989616.4238997.png,794,560,station,209,181,247,215
frame_1535989616.4238997.png,794,560,station,360,205,400,239
frame_1535989616.4238997.png,794,560,station,590,308,630,342
frame_1535989616.4238997.png,794,560,station,486,408,526,442
frame_1535989616.4238997.png,794,560,station,362,333,402,367
frame_1535989616.4238997.png,794,560,station,233,410,273,444
frame_1535989709.422253.png,794,560,station,29,250,64,283
frame_1535989709.422253.png,794,560,station,519,253,554,286
frame_1535989709.422253.png,794,560,station,677,341,712,374
frame_1535989709.422253.png,794,560,station,677,252,712,285
frame_1535989709.422253.png,794,560,station,677,160,712,193
frame_1535989709.422253.png,794,560,station,587,96,622,129
frame_1535989709.422253.png,794,560,station,496,161,531,194
frame_1535989709.422253.png,794,560,station,93,408,128,441
frame_1535989709.422253.png,794,560,station,317,252,352,285
frame_1535989709.422253.png,794,560,station,272,184,307,217
frame_1535989709.422253.png,794,560,station,316,94,351,127
frame_1535989709.422253.png,794,560,station,163,29,198,62
frame_1535989709.422253.png,794,560,station,137,343,172,376
frame_1535989709.422253.png,794,560,station,160,250,199,284
frame_1535989709.422253.png,794,560,station,608,207,647,241
frame_1535989709.422253.png,794,560,station,179,140,218,174
frame_1535989709.422253.png,794,560,station,226,448,268,485
frame_1535989709.422253.png,794,560,station,403,207,445,244
frame_1535989709.422253.png,794,560,station,606,294,648,331
frame_1535989709.422253.png,794,560,station,516,381,558,418
frame_1535989709.422253.png,794,560,station,405,318,447,355
frame_1535989709.422253.png,794,560,station,290,385,332,422
frame_1535989709.422253.png,794,560,station,430,71,467,107
frame_1535989709.422253.png,794,560,station,71,95,106,127
frame_1535989802.4415762.png,794,560,station,50,127,82,154
frame_1535989802.4415762.png,794,560,station,456,82,493,114
frame_1535989802.4415762.png,794,560,station,130,107,167,135
frame_1535989802.4415762.png,794,560,station,683,434,715,463
frame_1535989802.4415762.png,794,560,station,29,210,63,237
frame_1535989802.4415762.png,794,560,station,683,252,717,279
frame_1535989802.4415762.png,794,560,station,682,170,716,197
frame_1535989802.4415762.png,794,560,station,601,107,635,134
frame_1535989802.4415762.png,794,560,station,520,170,554,197
frame_1535989802.4415762.png,794,560,station,539,253,573,280
frame_1535989802.4415762.png,794,560,station,682,335,716,362
frame_1535989802.4415762.png,794,560,station,436,435,470,462
frame_1535989802.4415762.png,794,560,station,357,253,391,280
frame_1535989802.4415762.png,794,560,station,317,189,351,216
frame_1535989802.4415762.png,794,560,station,353,111,387,138
frame_1535989802.4415762.png,794,560,station,210,47,244,74
frame_1535989802.4415762.png,794,560,station,151,396,185,423
frame_1535989802.4415762.png,794,560,station,191,334,225,361
frame_1535989802.4415762.png,794,560,station,70,333,104,360
frame_1535989802.4415762.png,794,560,station,88,252,122,279
frame_1535989802.4415762.png,794,560,station,623,208,653,239
frame_1535989802.4415762.png,794,560,station,234,148,264,179
frame_1535989802.4415762.png,794,560,station,213,251,243,282
frame_1535989802.4415762.png,794,560,station,274,431,309,465
frame_1535989802.4415762.png,794,560,station,540,22,575,56
frame_1535989802.4415762.png,794,560,station,437,208,472,242
frame_1535989802.4415762.png,794,560,station,618,289,653,323
frame_1535989802.4415762.png,794,560,station,539,370,574,404
frame_1535989802.4415762.png,794,560,station,436,308,471,342
frame_1535989802.4415762.png,794,560,station,336,370,371,404
frame_1535989833.4139566.png,794,560,station,80,29,112,58
frame_1535989833.4139566.png,794,560,station,443,433,475,462
frame_1535989833.4139566.png,794,560,station,543,251,575,280
frame_1535989833.4139566.png,794,560,station,682,331,714,360
frame_1535989833.4139566.png,794,560,station,684,253,716,282
frame_1535989833.4139566.png,794,560,station,684,171,716,200
frame_1535989833.4139566.png,794,560,station,603,109,635,138
frame_1535989833.4139566.png,794,560,station,523,170,555,199
frame_1535989833.4139566.png,794,560,station,322,191,354,220
frame_1535989833.4139566.png,794,560,station,364,251,396,280
frame_1535989833.4139566.png,794,560,station,160,392,192,421
frame_1535989833.4139566.png,794,560,station,202,330,234,359
frame_1535989833.4139566.png,794,560,station,81,329,113,358
frame_1535989833.4139566.png,794,560,station,100,251,132,280
frame_1535989833.4139566.png,794,560,station,42,210,74,239
frame_1535989833.4139566.png,794,560,station,361,111,393,140
frame_1535989833.4139566.png,794,560,station,221,48,253,77
frame_1535989833.4139566.png,794,560,station,62,130,96,157
frame_1535989833.4139566.png,794,560,station,142,110,177,140
frame_1535989833.4139566.png,794,560,station,462,85,497,119
frame_1535989833.4139566.png,794,560,station,544,24,577,58
frame_1535989833.4139566.png,794,560,station,243,150,276,177
frame_1535989833.4139566.png,794,560,station,622,211,655,238
frame_1535989833.4139566.png,794,560,station,220,250,253,277
frame_1535989833.4139566.png,794,560,station,441,209,474,243
frame_1535989833.4139566.png,794,560,station,623,287,656,321
frame_1535989833.4139566.png,794,560,station,543,365,576,399
frame_1535989833.4139566.png,794,560,station,440,312,473,346
frame_1535989833.4139566.png,794,560,station,343,368,376,402
frame_1535989833.4139566.png,794,560,station,279,428,312,462
frame_1535989833.4139566.png,794,560,station,685,431,717,458
